Nazwa produktu,Cena
Pralka ELECTROLUX MEW7F349PXP SteamCare 700 UniversalDose 9kg 1400 obr A,2693
Pralka SAMSUNG WW90CGC04DAB 9kg 1400 obr,2699
Pralka HISENSE Seria 5S WF5S1045BW PL 10.5kg 1400 obr Autodozowanie,2599
Pralka BOSCH WAN282MXPL 8kg 1400 obr,2199
Pralka BEKO B3WFU59415MPBS SteamCure 9kg 1400 obr Manhattan Gray,2699
Pralka AEG MEL6SN126X 6kg 1200 obr,2399
Pralka HAIER I-Pro 5 HW80-B14959S8U1S 8kg 1400 obr A,2999
Pralka WHIRLPOOL FFB 8258 BSV PL 8kg 1200 obr,1349
Pralka SAMSUNG BESPOKE WW11BB744DGB EcoBubble 11kg 1400 obr A Autodozowanie,3899
Pralka MIELE WSD 663 WCS 8kg 1400 obr A TwinDos,4999
Pralka HISENSE Seria 5S WF5S1043BW PL 10.5kg 1400 obr,2199
Pralka AEG LFR73944OP 9kg 1400 obr,3999
Pralka AMICA WA3S714BLiSTG 7kg 1400 obr,1899
Pralka GRUNDIG GW5P58415WBPB 8kg 1400 obr,2499
Pralka WHIRLPOOL MTDLR65241BS PL/N 6.5kg 1200 obr,1644
Pralka HISENSE WFQA9014EVJMT PL 9kg 1400 obr,2399
Pralka SAMSUNG WW8NK52E0PX EcoBubble EO 8 kg 1200 obr,2399
Pralka ELECTROLUX EW6F349SP 9kg 1400 obr A,2499
Pralka BEKO B3WFU57415WSPB 7kg 1400 obr,2199
Pralka ELECTROLUX MEW7F149BP 9kg 1400 obr,3399
Pralka BOSCH WAN2810XPL 8 kg 1400 obr,2399
Pralka SHARP ES-HFM6103WD-PL 6kg 1000 obr,1149
Pralka MIELE WCA030 WCS Active 7kg 1400 obr,3499
Pralka AEG LTN7E272P 7kg 1200 obr A,2499
Pralka WHIRLPOOL FFD 9458 SBSV EU 9kg 1400 obr,2299
Pralka BEKO WUE7612WARSE 7kg 1200 obr,1699
Pralka GRUNDIG GW5P57415WBPB 7kg 1400 obr,2299
Pralka AEG ML7FNE48SP 8kg 1400 obr,3499
Pralka SAMSUNG WW80TA026AH EcoBubble 8kg 1200 obr,1999
Pralka WHIRLPOOL W8W046WRPL Supreme Silence 10kg 1400 obr A Autodozowanie,2584
Pralka MPM 4610-PH-03 6kg 1000 obr,1199
Pralka FINLUX FW-F0D1271W0PL 7kg 1200 obr,1299
Pralka HAIER HW70-BP1439N-PL 7kg 1400 obr A,1899
Pralka SAMSUNG WW60A3120BH EO 6kg 1200 obr,1592
Pralka AMICA DWAC712DL 7kg 1200 obr,1399
Pralka LG F2W8S501W 8kg 1200 obr,2497
Pralka SAMSUNG WW90CGC04DAH 9kg 1400 obr,2299
Pralka BEKO B3WFU58415WSPBS 8kg 1400 obr,2399
Pralka ELECTROLUX EW2TN35262P 6kg 1200 obr,1649
Pralka BEKO B3WFU59415WSPBS 9kg 1400 obr,2499
Pralka ELECTROLUX EW7F248ASP 8kg 1400 obr A,2297
Pralka HAIER I-Pro 7 Plus HW90-B14979TU1 9kg 1400 obr,3299
Pralka WHIRLPOOL TDLR65230S PL/N 6.5kg 1200 obr,1469
Pralka GRUNDIG GW7P59408WBPB 9kg 1400 obr,2699
Pralka AMICA TMAWSB814BiS 8kg 1400 obr,1999
Pralka SAMSUNG WW80T554DAT AddWash AI Control 8kg 1400 obr,2799
Pralka ELECTROLUX EW6TN4061P 6kg 1000 obr,1759
Pralka AEG L7FBE48SP 8kg 1400 obr,3299
Pralka AMICA WA3C1014ALiSTG 10 kg 1400 obr A,2599
Pralka ELECTROLUX EW6TN5061FP 6kg 1000 obr,1599
Pralka LG F2W9S72YP 9kg 1200 obr,3199
Pralka CANDY CST 06LET/1-S 6kg 1000 obr,1199
Pralka ELECTROLUX EW2F428WP 8kg 1200 obr,1399
Pralka SAMSUNG WW70TA026TT EcoBubble 7kg 1200 obr,1644
Pralka ELECTROLUX EW6TN3262P 6kg 1200 obr,1899
Pralka SAMSUNG WW70AGAS21AE EO 7kg 1200 obr,2093
Pralka AMICA WA1C814BLiSD 8kg 1400 obr,1699
Pralka ELECTROLUX EW2FN727WP 7kg 1200 obr,1749
Pralka ELECTROLUX EW5TN507FP TimeCare 500 7 kg 1000 obr,1342
Pralka HAIER RTXSG48TMCE-16 8 kg 1400 obr,2199
Pralka SAMSUNG WW80CGC04DAB EcoBubble 8kg 1400 obr,2499
Pralka AMICA DWA1T712DLS 7kg 1200 obr,1599
Pralka AMICA DAWSB814BiS 8kg 1400 obr,2299
Pralka CANDY CS4 1272DE 1-S 7kg 1200 obr,1666
Pralka BOSCH WAN282TXPL 8kg 1400 obr A,2799
Pralka MIDEA MF200W70WB-PL 7kg 1400 obr,2199
Pralka SHARP ES-NFB612CWB-PL 6kg 1200 obr,1799
Pralka ELECTROLUX EW6TN4261P 6kg 1200 obr,1534
Pralka MIDEA MF200W90WB/W-PL 9kg 1400 obr A,2502
Pralka ELECTROLUX EW7TN3272SP 7kg 1200 obr,1819
Pralka BOSCH WAN2827SPL 7kg 1400 obr,2099
Pralka HAIER RTXSG47TMCRE-16 7kg 1400 obr,2199
Pralka BOSCH WAN2410SPL 8 kg 1200 obr,2299
Pralka SAMSUNG WW80CGC04DAH EcoBubble 8kg 1400 obr,2299
Pralka WHIRLPOOL FFB 9258 SV PL 9kg 1200 obr,1639
Pralka BOSCH WAN2425SPL 8kg 1200 obr,2199
Pralka BOSCH WAJ2407SPL 7kg 1200 obr,1699
Pralka SAMSUNG WW70T552DAT AddWash AI Control 7kg 1200 obr,1999
Pralka ELECTROLUX EW8TN3372P 7kg 1300 obr,2429
Pralka SAMSUNG WW8NK52E3PW EcoBubble 8 kg 1200 obr,1939
Pralka AMICA WA1S610CLISMT 6kg 1000 obr,1399
Pralka WHIRLPOOL MTDLRS65230SS PL/N 6.5 kg 1200 obr,1799
Pralka AMICA WA2S612BKISJD 6kg 1200 obr,1599
Pralka WHIRLPOOL TDLRSL 65230SWS PL,1399
Pralka SAMSUNG WW8NK62E0RW AddWash Slim 8kg 1200 obr,1949
Pralka WHIRLPOOL MTDLR 6040S PL/N 6 kg 1000 obr,1449
Pralka AMICA WA2S714BKISVD 7kg 1400obr,1899
Pralka ELECTROLUX EW6TN4272P 7kg 1200 obr A,1799
Pralka SAMSUNG WW8NK52E0VX AddWash Slim 8kg 1200 obr,2394
Pralka WHIRLPOOL TDLR 5030L PL/N 5kg 1000 obr,1299
Pralka SAMSUNG WW60A3120WH EO 6kg 1200 obr,1573
Pralka SAMSUNG WW90T534DAE 9kg 1400 obr A AI Control EcoBubble Autodozowanie,2799
Pralka SAMSUNG WW80T654DLE AddWash AI Control 8kg 1400 obr,2199
Pralka BEKO WUE7512WPBE 7 kg 1000 obr,1197
Pralka SAMSUNG WW90T954ASH 9kg 1400 obr A QuickDrive AddWash,3999
Pralka CANDY CS4 1061DE 1-S 6kg 1000 obr,1399
Pralka SAMSUNG WW90T754ABH 9kg 1400 obr A Q-Bubble Addwash,3594
Pralka SHARP ES-HFM6102WD-PL 6kg 1000 obr,1143
Pralka WHIRLPOOL FFD 9469 BCV PL 9kg 1400 obr A,1825
Pralka ELECTROLUX EW6S404WP PerfectCare 4kg 1000 obr,1237
Pralka ELECTROLUX EW6SN406BPI 6kg 1000 obr,1444
Pralka SAMSUNG WW90T504DAT 9kg 1400 obr A,2399
Pralka SAMSUNG WW90T954ASX 9kg 1400 obr A QuickDrive AddWash,4199
Pralka BEKO WUE7512WWE 7kg 1000 obr,1099
Pralka INDESIT MTWSA 61294 W PL 6kg 1200 obr,1156
Pralka ELECTROLUX EW6SNME326X PerfectCare 6kg 1200 obr,2099
Pralka HAIER I-Pro 7 HW80-B14979-S 8kg 1400 obr A,2694
Pralka HISENSE WFQP7012EVM 7kg 1200 obr,1599
Pralka INDESIT MTWE71252WKPL 7kg 1200 obr,1155
Pralka BEKO B5WFT89408MDC 9 kg 1400 obr A Manhattan Gray,3199
Pralka ELECTROLUX MEWN6S306X 6kg 1000 obr,1749
Pralka HAIER I-Pro 5 HW80-B14959U1-S 8kg 1400 obr A,2289
Pralka WHIRLPOOL W6XW845WBEE Supreme Silence 8kg 1400 obr,2829
Pralka ELECTROLUX EW6FN428BP 8kg 1200 obr,1999
Pralka BEKO WUE6624XBWS 6kg 1200 obr,1599
Pralka SAMSUNG WW70T552DTW AddWash AI Control 7kg 1200 obr,2079
Pralka AMICA WA2C814BKISVOD 8kg 1400 obr Autodozowanie,1999
Pralka WHIRLPOOL WRSB 7238 BB EU 7kg 1200 obr,1693
Pralka HAIER I-Pro 7 HW90-B14979-S 9 kg 1400 obr A,2794
Pralka ELECTROLUX MEWN6S327UX 7kg 1200 obr,1399
Pralka ELECTROLUX MEW6F348XP 8kg 1400 obr A,2449
Pralka ELECTROLUX EW8F229SP PerfectCare 9kg 1200 obr,2319
Pralka SAMSUNG WW90T986ASH 9kg 1600 obr A QuickDrive AddWash Autodozowanie,4794
Pralka SAMSUNG WW70TA026AT EcoBubble 7kg 1200 obr,1693
Pralka HAIER I-Pro 7 HW120-B14979-S 12kg 1400 obr A,2994
Pralka ELECTROLUX EW6SN426WP 6kg 1200 obr,1599
Pralka ELECTROLUX EW6SN506WP 6kg 1000 obr,1195
Pralka BOSCH WAN24M2SPL 9kg 1200 obr,2399
Pralka ELECTROLUX EW6SN326SP 6kg 1200 obr,1699
Pralka HAIER RTXS G48TCE/1-16 8kg 1400 obr,1589
Pralka CANDY RO41274DWMCE 1-S RapidO 7kg 1200 obr A,1499
Pralka CANDY CST 27LET/1-S 7kg 1200 obr,1279
Pralka HAIER I-Pro 5 HW100-B14959U1-S 10kg 1400 obr A,2529
Pralka SAMSUNG WW11BGA046AE EcoBubble 11kg 1400 obr A,2394
Pralka CANDY RP 496BWMBCB 1-S Rapido Pro 9kg 1400 obr A,1794
Pralka WHIRLPOOL FFL 6238 B PL 6kg 1200 obr,1293
Pralka ELECTROLUX EW2TN5061FP 6 kg 1000 obr,1349
Pralka AMICA MWAC610DL 6kg 1000 obr,1299
Pralka CANDY CS4 1172DE/1-S 7kg 1100 obr,1379
Pralka WHIRLPOOL WRBSS 6249 W EU 6kg 1200 obr,1343
Pralka ELECTROLUX EW2TN5261FP 6 kg 1200 obr,1294
Pralka WHIRLPOOL FFB 7038 W PL 7kg 1000 obr,1599
Pralka ELECTROLUX EW6SN306SPX 6kg 1000 obr,1675
Pralka CANDY CS 1072DE/1-S 7kg 1000 obr,1194
Pralka SAMUNG WW80T534DAEA 8kg 1400 obr,2299
Pralka ELECTROLUX EW8F161PSPC UltraCare 800 UniversalDose 10kg 1600 obr A,3399
Pralka CANDY Rapido Pro RP4 476BWMRR 1-S 7kg 1400 obr,1999
Pralka ELECTROLUX EW6SN226SPI 6kg 1200 obr,1999
Pralka SAMSUNG BESPOKE WW11BB534DAW 11kg 1400 obr Autodozowanie,3099
Pralka ELECTROLUX EW8FN248BP 8kg 1400 obr A,2979
Pralka HAIER I-Pro 3 HW80-B14939-S 8kg 1400 obr A,1988
Pralka SAMSUNG WW80T554DAT AddWash AI Control 8kg 1400 obr + Suszarka SAMSUNG DV90T5240AT Optimal Dry AI Control + Łącznik SAMSUNG SKK-UDW,5798
Pralka ELECTROLUX EW6SN226CPX 6kg 1200 obr,1975
Pralka WHIRLPOOL MTDLR 7220SS PL/N 7 kg 1200 obr,1445
Pralka INDESIT MTWC71252WPL 7kg 1200 obr,1399
Pralka HISENSE WFQA8014EVJM 8kg 1400 obr A,1999
Pralka ELECTROLUX EW9F149SP 9kg 1400 obr A,3899
Pralka WHIRLPOOL FFD 10469 BCV EE 10 kg 1400 obr A,1919
Pralka WHIRLPOOL FFL 6038 B PL 6kg 1000 obr,1599
Pralka BOSCH WAN282SXPL 9kg 1400 obr,2399
Pralka BOSCH WGG244ZSPL 9kg 1400 obr A,3529
Pralka HAIER HW90-BP14939-S 9 kg 1400 obr A,1819
Pralka WHIRLPOOL W7XW845WBEE Supreme Silence 8kg 1400 obr Autodozowanie,2495
Pralka SAMSUNG BESPOKE WW11BB944DGB 11 kg 1400 obr A Autodozowanie,5399
Pralka ELECTROLUX EW6S1525W 5kg 1200 obr,1499
Pralka AMICA NAWSG814BIS 8kg 1400 obr,1799
Pralka WHIRLPOOL MEFFD 9469 WSBSV PL 9kg 1400 obr,1739
Pralka ELECTROLUX EW7TN3372SP 7kg 1300 obr,2136
Pralka CANDY SMARTPRO CSO 1285TE-S 8kg 1200 obr,1499
Pralka MIELE WWF664 WCS 8 kg 1600 obr A TwinDos,5499
Pralka ELECTROLUX EW2F428SP 8kg 1200 obr,1599
Pralka ELECTROLUX EW6SN426BPI 6kg 1200 obr,1744
Pralka MIELE WWI860 WCS PWash&Tdos 9kg 1600 obr A TwinDos,7629
Pralka ELECTROLUX MEW6S13M27P 7kg 1200 obr,2299
Pralka LG F2WV3S7N6E 7kg 1200 obr,1645
Pralka ELECTROLUX EWC1351 3kg 1300 obr,1992
Pralka CANDY Rapido RO1496DWMCRT 1-S 9kg 1400 obr A,1999
Pralka BOSCH WAN2400SPL 7kg 1200 obr,2099
Pralka ELECTROLUX EW7TN3362SP PerfectCare 6kg 1300 obr,2134
Pralka SAMSUNG EcoBubble WW90T634DLECS6 9kg 1400 obr Autodozowanie,2499
Pralka SIEMENS WG44G2ZSPL 9kg 1400 obr,3299
